<?xml version="1.0" encoding="utf-8" ?>
<dwsync>
<file name="Ventography_Personal_Use_Only.ttf" server="ftp.retrokicks.tk//dsg/" local="130053353501963123" remote="130095685800000000" Dst="2" />
<file name="RemachineScript_PERSONAL_USE_ONLY.ttf" server="ftp.retrokicks.tk//dsg/" local="130052168115859980" remote="130095690000000000" Dst="2" />
<file name="Cabin-Regular.ttf" server="ftp.retrokicks.tk//dsg/" local="129665325760000000" remote="130095744600000000" Dst="2" />
<file name="RemachineScript_PERSONAL_USE_ONLY.ttf" server="ftp.retrokicks.tk//dsgg/" local="130095726000000000" remote="130095726000000000" Dst="2" />
<file name="Ventography_Personal_Use_Only.ttf" server="ftp.retrokicks.tk//dsgg/" local="130095721800000000" remote="130095721800000000" Dst="2" />
<file name="Cabin-Regular.ttf" server="ftp.retrokicks.tk//dsgg/" local="130095780600000000" remote="130095780600000000" Dst="2" />
<file name="AngillaTattoo_PERSONAL_USE_ONLY.ttf" server="ftp.retrokicks.tk//dsgg/" local="130095862200000000" remote="130095862200000000" Dst="2" />
<file name="Raindrops.ttf" server="ftp.retrokicks.tk//dsgg/" local="130095867000000000" remote="130095867000000000" Dst="2" />
<file name="Cabin-Bold.ttf" server="ftp.retrokicks.tk//dsgg/" local="129669860220000000" remote="130095834600000000" Dst="2" />
<file name="Cabin-Italic.ttf" server="ftp.retrokicks.tk//dsgg/" local="129665325760000000" remote="130095834600000000" Dst="2" />
<file name="Cabin-Medium.ttf" server="ftp.retrokicks.tk//dsgg/" local="129665325760000000" remote="130095834600000000" Dst="2" />
<file name="Cabin-MediumItalic.ttf" server="ftp.retrokicks.tk//dsgg/" local="129665325760000000" remote="130095834600000000" Dst="2" />
<file name="Cabin-SemiBold.ttf" server="ftp.retrokicks.tk//dsgg/" local="129669860220000000" remote="130095834600000000" Dst="2" />
<file name="Salme.ttf" server="ftp.retrokicks.tk//dsgg/" local="130084531820000000" remote="130095834600000000" Dst="2" />
<file name="Cabin-SemiBoldItalic.ttf" server="ftp.retrokicks.tk//dsgg/" local="129669860220000000" remote="130095834600000000" Dst="2" />
<file name="Cabin-BoldItalic.ttf" server="ftp.retrokicks.tk//dsgg/" local="129669860220000000" remote="130095834600000000" Dst="2" />
</dwsync>